defaut_de_code;classification_method;undersimpling_method;precision;rappel;F_mesure;Accuracy;Error Rate;Specificity;False Positive Rate ;False Negative Rate
HAS;Decision Tree;InstanceHardnessThreshold;0.8884848484848484;1.0;0.9395458342826764;0.9323809523809524;0.0676190476190476;0.8473015873015873;0.1526984126984127;0.0
HBR;Decision Tree;InstanceHardnessThreshold;0.9349999999999999;0.8900649350649351;0.911043956043956;0.9128654970760234;0.08713450292397665;0.93;0.06999999999999999;0.10993506493506496
MIM;Decision Tree;RandomUnderSampler;0.9792535340000764;1.0;0.9895151383969978;0.9893427256190369;0.010657274380963023;0.9784724485759033;0.02152755142409667;0.0
LIC;Decision Tree;RandomUnderSampler;0.9990846681922196;1.0;0.9995412844036696;0.9995316159250585;0.00046838407494145253;0.9990453460620525;0.0009546539379474941;0.0
NLMR;Decision Tree;RandomUnderSampler;1.0;1.0;1.0;1.0;0.0;1.0;0.0;0.0
